address_id,customer_id,address_type,street,city,state,zip_code,country
1,1,Billing,123 Main St,New York,NY,10001,USA
2,1,Shipping,456 Park Ave,New York,NY,10002,USA
3,2,Billing,789 Sunset Blvd,Los Angeles,CA,90210,USA
4,2,Shipping,101 Ocean Dr,Los Angeles,CA,90211,USA
5,3,Billing,202 Lake Shore,Chicago,IL,60601,USA
6,3,Shipping,303 River Rd,Chicago,IL,60602,USA
7,4,Billing,404 Bayou St,Houston,TX,77001,USA
8,4,Shipping,505 Gulf Way,Houston,TX,77002,USA
9,5,Billing,606 Desert Ln,Phoenix,AZ,85001,USA
10,5,Shipping,707 Cactus Ave,Phoenix,AZ,85002,USA
11,6,Billing,808 Vine St,Miami,FL,33101,USA
12,6,Shipping,909 Palm Dr,Miami,FL,33102,USA
13,7,Billing,1010 Cherry Blvd,Seattle,WA,98101,USA
14,7,Shipping,1111 Rainier Ave,Seattle,WA,98102,USA
15,8,Billing,1212 Oak St,Denver,CO,80201,USA
16,8,Shipping,1313 Pine Rd,Denver,CO,80202,USA
17,9,Billing,1414 Elm Ave,Boston,MA,02101,USA
18,9,Shipping,1515 Harbor St,Boston,MA,02102,USA
19,10,Billing,1616 Hill Dr,Atlanta,GA,30301,USA
20,10,Shipping,1717 Peach Blvd,Atlanta,GA,30302,USA