customer_id,customer_name,email,phone,join_date
1,Alice Johnson,alice@email.com,555-0101,2024-01-15
2,Bob Smith,bob@email.com,555-0102,2024-02-20
3,Carol Davis,carol@email.com,555-0103,2024-03-10
4,David Wilson,david@email.com,555-0104,2024-04-05
5,Eve Brown,eve@email.com,555-0105,2024-05-12
6,Frank Garcia,frank@email.com,555-0106,2024-06-01
7,Grace Lee,grace@email.com,555-0107,2024-06-15
8,Henry Martinez,henry@email.com,555-0108,2024-07-01
9,Ivy Taylor,ivy@email.com,555-0109,2024-07-20
10,Jack Anderson,jack@email.com,555-0110,2024-08-10