payment_id,order_id,payment_method,amount,payment_date,status
1,1,Credit Card,1029.98,2025-01-01,Completed
2,2,PayPal,2049.98,2025-01-15,Completed
3,3,Debit Card,44.99,2025-01-05,Completed
4,3,Bank Transfer,44.98,2025-01-05,Completed
5,4,Credit Card,199.98,2025-01-20,Pending
6,5,PayPal,79.99,2025-01-10,Completed
7,6,Debit Card,89.98,2025-02-01,Completed
8,7,Credit Card,159.98,2025-01-25,Completed
9,8,PayPal,109.98,2025-02-05,Pending
10,9,Debit Card,1049.98,2025-02-10,Completed
11,10,Credit Card,69.98,2025-02-15,Completed
12,11,PayPal,549.98,2025-02-20,Completed
13,12,Debit Card,129.99,2025-03-01,Completed
14,13,Credit Card,229.98,2025-03-05,Pending
15,14,PayPal,79.99,2025-03-10,Completed
16,15,Debit Card,139.98,2025-03-15,Completed
17,16,Credit Card,1999.99,2025-03-20,Completed
18,17,PayPal,179.98,2025-03-25,Pending
19,18,Debit Card,49.99,2025-04-01,Completed
20,19,Credit Card,109.98,2025-04-05,Completed
21,20,PayPal,999.99,2025-04-10,Pending
22,21,Debit Card,39.99,2025-04-15,Completed
23,22,Credit Card,129.99,2025-04-20,Completed
24,23,PayPal,199.99,2025-04-25,Pending
25,24,Debit Card,39.99,2025-05-01,Completed
26,25,Credit Card,29.99,2025-05-05,Completed
27,26,PayPal,29.99,2025-05-10,Completed
28,27,Debit Card,59.99,2025-05-15,Pending
29,28,Credit Card,79.99,2025-05-20,Completed
30,29,PayPal,19.99,2025-05-25,Completed
31,30,Debit Card,499.99,2025-06-01,Pending