product_id,product_name,category_id,supplier_id,unit_price,stock_quantity
1,iPhone 15,1,1,999.99,50
2,MacBook Pro,1,1,1999.99,20
3,Wireless Mouse,1,5,29.99,100
4,Kindle Paperwhite,2,2,149.99,75
5,Python Book,2,2,39.99,200
6,Data Science Book,2,2,49.99,150
7,Nike Shoes,3,3,129.99,30
8,Adidas Hoodie,3,3,59.99,40
9,Coffee Mug,4,4,19.99,80
10,Bluetooth Speaker,1,5,79.99,60
11,Smart Watch,1,1,499.99,25
12,Levi Jeans,3,3,89.99,35
13,Fiction Novel,2,2,29.99,180
14,Kitchen Blender,4,4,39.99,45
15,Earbuds,1,5,149.99,55